,new_id
CA_BIDMC_1,bi_1
CA_BIDMC_10,bi_10
CA_BIDMC_100,bi_32
CA_BIDMC_101,bi_101
CA_BIDMC_102,bi_102
CA_BIDMC_103,bi_103
CA_BIDMC_104,bi_104
CA_BIDMC_105,bi_105
CA_BIDMC_106,bi_106
CA_BIDMC_107,bi_107
CA_BIDMC_108,bi_108
CA_BIDMC_109,bi_69
CA_BIDMC_11,bi_11
CA_BIDMC_110,bi_110
CA_BIDMC_111,bi_111
CA_BIDMC_112,bi_112
CA_BIDMC_12,bi_12
CA_BIDMC_13,bi_13
CA_BIDMC_14,bi_14
CA_BIDMC_15,bi_15
CA_BIDMC_16,bi_16
CA_BIDMC_17,bi_17
CA_BIDMC_18,bi_18
CA_BIDMC_19,bi_19
CA_BIDMC_2,bi_2
CA_BIDMC_20,bi_20
CA_BIDMC_21,bi_21
CA_BIDMC_22,bi_22
CA_BIDMC_23,bi_23
CA_BIDMC_24,bi_24
CA_BIDMC_25,bi_20
CA_BIDMC_26,bi_26
CA_BIDMC_27,bi_24
CA_BIDMC_28,bi_28
CA_BIDMC_29,bi_29
CA_BIDMC_3,bi_3
CA_BIDMC_30,bi_30
CA_BIDMC_31,bi_31
CA_BIDMC_32,bi_32
CA_BIDMC_33,bi_33
CA_BIDMC_34,bi_34
CA_BIDMC_35,bi_35
CA_BIDMC_36,bi_36
CA_BIDMC_37,bi_37
CA_BIDMC_38,bi_38
CA_BIDMC_39,bi_39
CA_BIDMC_4,bi_4
CA_BIDMC_40,bi_40
CA_BIDMC_41,bi_41
CA_BIDMC_42,bi_42
CA_BIDMC_43,bi_43
CA_BIDMC_44,bi_44
CA_BIDMC_45,bi_45
CA_BIDMC_46,bi_46
CA_BIDMC_47,bi_47
CA_BIDMC_48,bi_48
CA_BIDMC_49,bi_33
CA_BIDMC_5,bi_5
CA_BIDMC_50,bi_50
CA_BIDMC_51,bi_51
CA_BIDMC_52,bi_52
CA_BIDMC_53,bi_53
CA_BIDMC_54,bi_54
CA_BIDMC_55,bi_55
CA_BIDMC_56,bi_56
CA_BIDMC_57,bi_57
CA_BIDMC_58,bi_58
CA_BIDMC_59,bi_59
CA_BIDMC_6,bi_6
CA_BIDMC_60,bi_60
CA_BIDMC_61,bi_61
CA_BIDMC_62,bi_62
CA_BIDMC_63,bi_63
CA_BIDMC_64,bi_64
CA_BIDMC_65,bi_65
CA_BIDMC_66,bi_66
CA_BIDMC_67,bi_67
CA_BIDMC_68,bi_68
CA_BIDMC_69,bi_69
CA_BIDMC_7,bi_7
CA_BIDMC_70,bi_70
CA_BIDMC_71,bi_71
CA_BIDMC_72,bi_72
CA_BIDMC_73,bi_73
CA_BIDMC_74,bi_74
CA_BIDMC_75,bi_75
CA_BIDMC_76,bi_76
CA_BIDMC_77,bi_77
CA_BIDMC_78,bi_78
CA_BIDMC_79,bi_79
CA_BIDMC_8,bi_8
CA_BIDMC_80,bi_80
CA_BIDMC_81,bi_81
CA_BIDMC_82,bi_82
CA_BIDMC_83,bi_83
CA_BIDMC_84,bi_84
CA_BIDMC_85,bi_85
CA_BIDMC_86,bi_86
CA_BIDMC_87,bi_87
CA_BIDMC_88,bi_88
CA_BIDMC_89,bi_89
CA_BIDMC_9,bi_9
CA_BIDMC_90,bi_90
CA_BIDMC_91,bi_91
CA_BIDMC_92,bi_92
CA_BIDMC_93,bi_93
CA_BIDMC_94,bi_94
CA_BIDMC_95,bi_95
CA_BIDMC_96,bi_96
CA_BIDMC_97,bi_97
CA_BIDMC_98,bi_98
CA_BIDMC_99,bi_99
CA_MGH_sid1,mgh_1
CA_MGH_sid10,mgh_10
CA_MGH_sid100,mgh_100
CA_MGH_sid101,mgh_101
CA_MGH_sid102,mgh_102
CA_MGH_sid104,mgh_104
CA_MGH_sid105,mgh_105
CA_MGH_sid106,mgh_106
CA_MGH_sid107,mgh_107
CA_MGH_sid108,mgh_108
CA_MGH_sid109,mgh_109
CA_MGH_sid11,mgh_11
CA_MGH_sid110,mgh_110
CA_MGH_sid111,mgh_111
CA_MGH_sid112,mgh_112
CA_MGH_sid113,mgh_113
CA_MGH_sid114,mgh_114
CA_MGH_sid115,mgh_115
CA_MGH_sid116,mgh_116
CA_MGH_sid117,mgh_117
CA_MGH_sid118,mgh_118
CA_MGH_sid119,mgh_119
CA_MGH_sid12,mgh_12
CA_MGH_sid120,mgh_120
CA_MGH_sid121,mgh_121
CA_MGH_sid122,mgh_122
CA_MGH_sid123,mgh_123
CA_MGH_sid124,mgh_124
CA_MGH_sid125,mgh_125
CA_MGH_sid126,mgh_126
CA_MGH_sid127,mgh_127
CA_MGH_sid128,mgh_128
CA_MGH_sid129,mgh_129
CA_MGH_sid13,mgh_13
CA_MGH_sid130,mgh_130
CA_MGH_sid131,mgh_131
CA_MGH_sid132,mgh_132
CA_MGH_sid133,mgh_133
CA_MGH_sid134,mgh_134
CA_MGH_sid135,mgh_135
CA_MGH_sid136,mgh_136
CA_MGH_sid137,mgh_137
CA_MGH_sid138,mgh_138
CA_MGH_sid139,mgh_139
CA_MGH_sid14,mgh_14
CA_MGH_sid140,mgh_140
CA_MGH_sid141,mgh_141
CA_MGH_sid142,mgh_142
CA_MGH_sid143,mgh_143
CA_MGH_sid144,mgh_144
CA_MGH_sid145,mgh_145
CA_MGH_sid146,mgh_146
CA_MGH_sid147,mgh_147
CA_MGH_sid148,mgh_148
CA_MGH_sid149,mgh_149
CA_MGH_sid15,mgh_15
CA_MGH_sid150,mgh_150
CA_MGH_sid151,mgh_151
CA_MGH_sid152,mgh_152
CA_MGH_sid153,mgh_153
CA_MGH_sid154,mgh_154
CA_MGH_sid155,mgh_155
CA_MGH_sid156,mgh_156
CA_MGH_sid157,mgh_157
CA_MGH_sid158,mgh_158
CA_MGH_sid159,mgh_159
CA_MGH_sid16,mgh_16
CA_MGH_sid160,mgh_160
CA_MGH_sid161,mgh_161
CA_MGH_sid162,mgh_162
CA_MGH_sid163,mgh_163
CA_MGH_sid164,mgh_164
CA_MGH_sid165,mgh_165
CA_MGH_sid166,mgh_166
CA_MGH_sid167,mgh_167
CA_MGH_sid168,mgh_168
CA_MGH_sid169,mgh_169
CA_MGH_sid17,mgh_17
CA_MGH_sid170,mgh_170
CA_MGH_sid171,mgh_171
CA_MGH_sid172,mgh_172
CA_MGH_sid173,mgh_173
CA_MGH_sid174,mgh_174
CA_MGH_sid175,mgh_175
CA_MGH_sid176,mgh_176
CA_MGH_sid177,mgh_177
CA_MGH_sid178,mgh_178
CA_MGH_sid179,mgh_179
CA_MGH_sid18,mgh_18
CA_MGH_sid180,mgh_180
CA_MGH_sid181,mgh_181
CA_MGH_sid182,mgh_182
CA_MGH_sid183,mgh_183
CA_MGH_sid185,mgh_185
CA_MGH_sid186,mgh_186
CA_MGH_sid19,mgh_19
CA_MGH_sid2,mgh_2
CA_MGH_sid20,mgh_20
CA_MGH_sid21,mgh_21
CA_MGH_sid22,mgh_22
CA_MGH_sid23,mgh_23
CA_MGH_sid24,mgh_24
CA_MGH_sid25,mgh_25
CA_MGH_sid26,mgh_26
CA_MGH_sid27,mgh_27
CA_MGH_sid28,mgh_28
CA_MGH_sid29,mgh_29
CA_MGH_sid3,mgh_3
CA_MGH_sid30,mgh_30
CA_MGH_sid31,mgh_31
CA_MGH_sid32,mgh_32
CA_MGH_sid33,mgh_33
CA_MGH_sid34,mgh_34
CA_MGH_sid35,mgh_35
CA_MGH_sid36,mgh_36
CA_MGH_sid37,mgh_37
CA_MGH_sid38,mgh_38
CA_MGH_sid39,mgh_39
CA_MGH_sid4,mgh_4
CA_MGH_sid40,mgh_40
CA_MGH_sid41,mgh_41
CA_MGH_sid42,mgh_42
CA_MGH_sid43,mgh_43
CA_MGH_sid44,mgh_44
CA_MGH_sid45,mgh_45
CA_MGH_sid46,mgh_46
CA_MGH_sid47,mgh_47
CA_MGH_sid48,mgh_48
CA_MGH_sid49,mgh_49
CA_MGH_sid5,mgh_5
CA_MGH_sid50,mgh_50
CA_MGH_sid51,mgh_51
CA_MGH_sid52,mgh_52
CA_MGH_sid53,mgh_53
CA_MGH_sid54,mgh_54
CA_MGH_sid55,mgh_55
CA_MGH_sid56,mgh_56
CA_MGH_sid57,mgh_57
CA_MGH_sid58,mgh_58
CA_MGH_sid59,mgh_59
CA_MGH_sid6,mgh_6
CA_MGH_sid60,mgh_60
CA_MGH_sid61,mgh_61
CA_MGH_sid62,mgh_62
CA_MGH_sid63,mgh_63
CA_MGH_sid64,mgh_64
CA_MGH_sid65,mgh_65
CA_MGH_sid66,mgh_66
CA_MGH_sid67,mgh_67
CA_MGH_sid68,mgh_68
CA_MGH_sid69,mgh_69
CA_MGH_sid7,mgh_7
CA_MGH_sid70,mgh_70
CA_MGH_sid71,mgh_71
CA_MGH_sid72,mgh_72
CA_MGH_sid73,mgh_73
CA_MGH_sid74,mgh_74
CA_MGH_sid75,mgh_75
CA_MGH_sid76,mgh_76
CA_MGH_sid77,mgh_77
CA_MGH_sid78,mgh_78
CA_MGH_sid79,mgh_79
CA_MGH_sid8,mgh_8
CA_MGH_sid80,mgh_80
CA_MGH_sid81,mgh_81
CA_MGH_sid82,mgh_82
CA_MGH_sid83,mgh_83
CA_MGH_sid84,mgh_84
CA_MGH_sid85,mgh_85
CA_MGH_sid86,mgh_86
CA_MGH_sid87,mgh_87
CA_MGH_sid88,mgh_88
CA_MGH_sid89,mgh_89
CA_MGH_sid9,mgh_9
CA_MGH_sid90,mgh_90
CA_MGH_sid91,mgh_91
CA_MGH_sid92,mgh_92
CA_MGH_sid93,mgh_93
CA_MGH_sid94,mgh_94
CA_MGH_sid95,mgh_95
CA_MGH_sid96,mgh_96
CA_MGH_sid97,mgh_97
CA_MGH_sid98,mgh_98
CA_MGH_sid99,mgh_99
bwh_1,bwh_1
bwh_10,bwh_10
bwh_100,bwh_100
bwh_101,bwh_101
bwh_102,bwh_102
bwh_103,bwh_103
bwh_104,bwh_104
bwh_105,bwh_105
bwh_106,bwh_106
bwh_107,bwh_107
bwh_108,bwh_108
bwh_109,bwh_109
bwh_11,bwh_11
bwh_110,bwh_110
bwh_111,bwh_111
bwh_112,bwh_112
bwh_113,bwh_113
bwh_114,bwh_114
bwh_115,bwh_115
bwh_116,bwh_116
bwh_117,bwh_117
bwh_118,bwh_118
bwh_119,bwh_119
bwh_12,bwh_12
bwh_120,bwh_120
bwh_121,bwh_121
bwh_123,bwh_123
bwh_124,bwh_124
bwh_125,bwh_125
bwh_126,bwh_126
bwh_127,bwh_127
bwh_128,bwh_128
bwh_129,bwh_129
bwh_13,bwh_13
bwh_130,bwh_130
bwh_131,bwh_131
bwh_133,bwh_133
bwh_134,bwh_134
bwh_135,bwh_135
bwh_136,bwh_136
bwh_137,bwh_137
bwh_138,bwh_138
bwh_139,bwh_139
bwh_14,bwh_14
bwh_140,bwh_140
bwh_141,bwh_141
bwh_142,bwh_142
bwh_15,bwh_15
bwh_16,bwh_16
bwh_1605,bwh_211
bwh_1636,bwh_210
bwh_1639,bwh_212
bwh_1641,bwh_213
bwh_17,bwh_17
bwh_18,bwh_18
bwh_185,bwh_185
bwh_19,bwh_19
bwh_2,bwh_2
bwh_20,bwh_20
bwh_21,bwh_21
bwh_210,bwh_210
bwh_211,bwh_211
bwh_213,bwh_213
bwh_214,bwh_214
bwh_215,bwh_215
bwh_216,bwh_216
bwh_217,bwh_217
bwh_218,bwh_218
bwh_219,bwh_219
bwh_22,bwh_22
bwh_220,bwh_220
bwh_221,bwh_221
bwh_23,bwh_23
bwh_24,bwh_24
bwh_25,bwh_25
bwh_26,bwh_26
bwh_27,bwh_27
bwh_28,bwh_28
bwh_30,bwh_30
bwh_31,bwh_31
bwh_32,bwh_32
bwh_33,bwh_33
bwh_34,bwh_34
bwh_35,bwh_35
bwh_36,bwh_36
bwh_37,bwh_37
bwh_38,bwh_38
bwh_39,bwh_39
bwh_4,bwh_4
bwh_40,bwh_40
bwh_41,bwh_41
bwh_42,bwh_42
bwh_43,bwh_43
bwh_44,bwh_44
bwh_45,bwh_45
bwh_46,bwh_46
bwh_47,bwh_47
bwh_48,bwh_48
bwh_49,bwh_49
bwh_5,bwh_5
bwh_50,bwh_50
bwh_51,bwh_51
bwh_52,bwh_52
bwh_53,bwh_53
bwh_55,bwh_55
bwh_56,bwh_56
bwh_57,bwh_57
bwh_58,bwh_58
bwh_59,bwh_59
bwh_6,bwh_6
bwh_60,bwh_60
bwh_61,bwh_61
bwh_62,bwh_62
bwh_63,bwh_63
bwh_64,bwh_64
bwh_65,bwh_65
bwh_66,bwh_66
bwh_67,bwh_67
bwh_68,bwh_68
bwh_69,bwh_69
bwh_7,bwh_7
bwh_70,bwh_70
bwh_71,bwh_71
bwh_72,bwh_72
bwh_73,bwh_73
bwh_75,bwh_75
bwh_76,bwh_76
bwh_77,bwh_77
bwh_78,bwh_78
bwh_79,bwh_79
ynh_100,ynh_100
ynh_102,ynh_102
ynh_105,ynh_105
ynh_106,ynh_106
ynh_107,ynh_107
ynh_108,ynh_108
ynh_109,ynh_109
ynh_111,ynh_111
ynh_112,ynh_112
ynh_114,ynh_114
ynh_115,ynh_115
ynh_116,ynh_116
ynh_117,ynh_117
ynh_118,ynh_118
ynh_119,ynh_119
ynh_120,ynh_120
ynh_121,ynh_121
ynh_123,ynh_123
ynh_124,ynh_124
ynh_125,ynh_125
ynh_126,ynh_126
ynh_127,ynh_127
ynh_128,ynh_128
ynh_129,ynh_129
ynh_130,ynh_130
ynh_132,ynh_132
ynh_134,ynh_134
ynh_137,ynh_137
ynh_138,ynh_138
ynh_139,ynh_139
ynh_141,ynh_141
ynh_142,ynh_142
ynh_144,ynh_144
ynh_146,ynh_146
ynh_147,ynh_147
ynh_148,ynh_148
ynh_149,ynh_149
ynh_150,ynh_150
ynh_152,ynh_152
ynh_155,ynh_155
ynh_156,ynh_156
ynh_159,ynh_159
ynh_16,ynh_16
ynh_18,ynh_18
ynh_20,ynh_20
ynh_21,ynh_21
ynh_22,ynh_22
ynh_23,ynh_23
ynh_24,ynh_24
ynh_25,ynh_25
ynh_26,ynh_26
ynh_27,ynh_27
ynh_28,ynh_28
ynh_30,ynh_30
ynh_31,ynh_31
ynh_33,ynh_33
ynh_34,ynh_34
ynh_36,ynh_36
ynh_37,ynh_37
ynh_38,ynh_38
ynh_39,ynh_39
ynh_4,ynh_4
ynh_41,ynh_41
ynh_43,ynh_43
ynh_45,ynh_45
ynh_46,ynh_46
ynh_47,ynh_47
ynh_48,ynh_48
ynh_49,ynh_49
ynh_50,ynh_50
ynh_51,ynh_51
ynh_52,ynh_52
ynh_53,ynh_53
ynh_54,ynh_54
ynh_56,ynh_56
ynh_57,ynh_57
ynh_58,ynh_58
ynh_59,ynh_59
ynh_61,ynh_61
ynh_62,ynh_62
ynh_63,ynh_63
ynh_65,ynh_65
ynh_69,ynh_69
ynh_70,ynh_70
ynh_71,ynh_71
ynh_72,ynh_72
ynh_73,ynh_73
ynh_74,ynh_74
ynh_77,ynh_77
ynh_78,ynh_78
ynh_80,ynh_80
ynh_81,ynh_81
ynh_82,ynh_82
ynh_83,ynh_83
ynh_85,ynh_85
ynh_86,ynh_86
ynh_87,ynh_87
ynh_88,ynh_88
ynh_9,ynh_9
ynh_90,ynh_90
ynh_91,ynh_91
ynh_92,ynh_92
ynh_93,ynh_93
ynh_95,ynh_95
ynh_96,ynh_96
ynh_98,ynh_98
